{
  "Author": "_Play_",
  "Compatibility": "Compatible",
  "DefuserDifficulty": "VeryEasy",
  "Description": "Submit RGB Colored Chess pieces, so that when they color the cells which when mixed using RGB Color Mixing result in the state of the board that is on the module. Tags: 6x6-grid, 6×6-grid, colors, chess-pieces, 6-buttons",
  "ExpertDifficulty": "Medium",
  "ModuleID": "rgbChess",
  "Name": "RGB Chess",
  "Origin": "Mods",
  "Published": "2023-06-07",
  "SortKey": "RGBCHESS",
  "SourceUrl": "https://github.com/llPlayll/KTANE-RGB-Chess",
  "SteamID": "2986005881",
  "Symbol": "Rgch",
  "Type": "Regular"
}